{"cameraMode":{"drawMode":0,"name":"Shaded","section":"Shading Mode"},"sceneLighting":true,"audioPlay":false,"sceneViewState":{"showFog":true,"showMaterialUpdate":false,"showSkybox":true,"showFlares":true,"showImageEffects":true,"showParticleSystems":true},"in2DMode":false,"pivot":{"x":-70.26097869873047,"y":-4.2979888916015629,"z":68.66453552246094},"rotation":{"x":-0.29395824670791628,"y":0.23951959609985352,"z":-0.0757732093334198,"w":-0.9223122596740723},"size":344.6744079589844,"orthographic":false}